replicate	low_ess_observables
sim_002	numMuts
sim_003	age(root),alpha,clock.rate,coalescent,likelihood_really_logG,meanRate,numMuts,posterior_for_Delphy,prior_for_Delphy,rootHeight,treeLength,treeLikelihood_really_logG
sim_005	numMuts
sim_007	age(root),alpha,likelihood_really_logG,numMuts,posterior_for_Delphy,prior_for_Delphy,rootHeight,treeLength,treeLikelihood_really_logG
sim_008	age(root),alpha,coalescent,kappa,likelihood_really_logG,numMuts,posterior_for_Delphy,prior_for_Delphy,rootHeight,treeLength,treeLikelihood_really_logG
sim_009	age(root),coalescent,exponential.growthRate,likelihood_really_logG,posterior_for_Delphy,prior_for_Delphy,rootHeight,treeLength,treeLikelihood_really_logG
sim_013	numMuts
sim_016	numMuts
sim_021	age(root),alpha,clock.rate,coalescent,exponential.growthRate,likelihood_really_logG,meanRate,numMuts,posterior_for_Delphy,prior_for_Delphy,rootHeight,treeLength,treeLikelihood_really_logG
sim_027	age(root),alpha,clock.rate,likelihood_really_logG,meanRate,numMuts,posterior_for_Delphy,prior_for_Delphy,rootHeight,treeLength,treeLikelihood_really_logG
sim_029	age(root),alpha,numMuts,posterior_for_Delphy,prior_for_Delphy,rootHeight,treeLength
sim_030	numMuts
sim_031	age(root),alpha,clock.rate,coalescent,exponential.popSize,likelihood_really_logG,meanRate,numMuts,posterior_for_Delphy,prior_for_Delphy,rootHeight,treeLength,treeLikelihood_really_logG
sim_034	age(root),alpha,clock.rate,coalescent,exponential.popSize,likelihood_really_logG,meanRate,numMuts,prior_for_Delphy,rootHeight,treeLength,treeLikelihood_really_logG
sim_038	age(root),likelihood_really_logG,numMuts,rootHeight,treeLikelihood_really_logG
sim_039	age(root),alpha,clock.rate,coalescent,exponential.popSize,likelihood_really_logG,meanRate,numMuts,posterior_for_Delphy,prior_for_Delphy,rootHeight,treeLength,treeLikelihood_really_logG
sim_046	age(root),numMuts,rootHeight,treeLength
sim_048	coalescent,exponential.growthRate,rootHeight,treeLength
sim_056	numMuts
sim_066	numMuts
sim_070	numMuts
sim_074	numMuts
sim_078	age(root),alpha,clock.rate,coalescent,likelihood_really_logG,meanRate,numMuts,posterior_for_Delphy,prior_for_Delphy,rootHeight,treeLength,treeLikelihood_really_logG
sim_085	likelihood_really_logG,numMuts,posterior_for_Delphy,prior_for_Delphy,treeLikelihood_really_logG
sim_087	alpha,coalescent,likelihood_really_logG,numMuts,posterior_for_Delphy,prior_for_Delphy,treeLength,treeLikelihood_really_logG
sim_094	alpha,numMuts,posterior_for_Delphy,prior_for_Delphy
sim_095	age(root),alpha,coalescent,exponential.growthRate,likelihood_really_logG,numMuts,posterior_for_Delphy,prior_for_Delphy,rootHeight,treeLength,treeLikelihood_really_logG
sim_097	numMuts
sim_099	numMuts
sim_104	coalescent
sim_105	age(root),numMuts,rootHeight,treeLength
sim_108	age(root),alpha,numMuts,posterior_for_Delphy,prior_for_Delphy,rootHeight,treeLength
sim_117	likelihood_really_logG,numMuts,treeLikelihood_really_logG
sim_118	age(root),alpha,clock.rate,likelihood_really_logG,meanRate,numMuts,posterior_for_Delphy,prior_for_Delphy,rootHeight,treeLikelihood_really_logG
sim_122	likelihood_really_logG,numMuts,treeLikelihood_really_logG
sim_125	age(root),alpha,clock.rate,coalescent,exponential.popSize,likelihood_really_logG,meanRate,numMuts,posterior_for_Delphy,prior_for_Delphy,rootHeight,treeLength,treeLikelihood_really_logG
sim_126	likelihood_really_logG,numMuts,treeLikelihood_really_logG
sim_141	age(root),alpha,likelihood_really_logG,numMuts,posterior_for_Delphy,prior_for_Delphy,rootHeight,treeLikelihood_really_logG
sim_142	age(root),numMuts,rootHeight,treeLength
sim_145	numMuts
sim_148	numMuts
sim_149	age(root),alpha,numMuts,posterior_for_Delphy,prior_for_Delphy,rootHeight
sim_153	coalescent,exponential.growthRate,treeLength
sim_154	numMuts
sim_156	age(root),alpha,likelihood_really_logG,numMuts,posterior_for_Delphy,prior_for_Delphy,rootHeight,treeLength,treeLikelihood_really_logG
sim_164	age(root),alpha,coalescent,exponential.growthRate,frequencies2,likelihood_really_logG,numMuts,posterior_for_Delphy,prior_for_Delphy,rootHeight,treeLength,treeLikelihood_really_logG
sim_165	age(root),alpha,clock.rate,coalescent,likelihood_really_logG,meanRate,numMuts,posterior_for_Delphy,prior_for_Delphy,rootHeight,treeLength,treeLikelihood_really_logG
sim_166	age(root),numMuts,rootHeight,treeLength
sim_172	numMuts
sim_177	alpha,likelihood_really_logG,numMuts,posterior_for_Delphy,prior_for_Delphy,treeLikelihood_really_logG
sim_183	age(root),alpha,likelihood_really_logG,numMuts,posterior_for_Delphy,prior_for_Delphy,rootHeight,treeLikelihood_really_logG
sim_184	age(root),alpha,clock.rate,likelihood_really_logG,meanRate,numMuts,posterior_for_Delphy,prior_for_Delphy,rootHeight,treeLength,treeLikelihood_really_logG
sim_185	numMuts
sim_189	age(root),alpha,clock.rate,coalescent,likelihood_really_logG,meanRate,numMuts,posterior_for_Delphy,prior_for_Delphy,rootHeight,treeLength,treeLikelihood_really_logG
sim_191	age(root),likelihood_really_logG,numMuts,rootHeight,treeLikelihood_really_logG
sim_193	numMuts
sim_197	age(root),numMuts,rootHeight,treeLength
